feature	coefficient
gdp	2.3623882769357745
renewable_energy	-1.349886793184286
agriculture_value_added	-0.7760034367517838
Birth_rate	-0.5598915109434285
natural_resources	0.5132721878605491
alternative_energy	-0.3177897472790871
arable_land	-0.2299759760547676
unemployment	-0.2280150602664518
export	0.13144641074641256
forest	-0.1251971494712625
industry	0.08324532129323858
agriculture_land	-0.012924890798817429
