var	rel.inf
gdp	37.659694789749985
renewable_energy	25.176148976759706
agriculture_value_added	13.990386629665982
mortality	7.011736152647497
agriculture_land	3.9273357200594674
import	2.127914320427199
Birth_rate	2.082431897442105
fossil_fuel	2.0452015472662146
natural_resources	1.9678591046065281
alternative_energy	1.234489430710569
export	1.2274160919843535
industry	0.6550609531248859
forest	0.5892819903301231
arable_land	0.30504239522538346
unemployment	0
