feature	coefficient
gdp	2.43217959444967
renewable_energy	-1.4058821034413966
agriculture_value_added	-0.7493598080659103
Birth_rate	-0.5307862516671612
natural_resources	0.5275518653763295
alternative_energy	-0.33228587281546257
arable_land	-0.2323037898529357
unemployment	-0.22001650593569186
export	0.11201810142889532
forest	-0.1049316833443084
industry	0.07609709254215632
agriculture_land	-0.006550258196108179
