Method	Test RMSE
Ridge	3.4346406701810803
Lasso	3.442439010201803
Elastic Net	3.4425070278620895
Random Forest	1.6717914773659561
Boosting	2.397589797956099
